dataset_id,dataset_name,sample_code,village,latitude,longitude,sampling_depth_cm,ph,electrical_conductivity_dS_m,nitrogen_kg_ha,phosphorus_kg_ha,potassium_kg_ha,sampling_year,source
H1,PADERU_82_SAMPLES,S1,Donela,18.132,82.547,0-30,5.0,0.24,91,24,113,2017,"Desavathu, Nadipena & Peddada, Egyptian Journal of Remote Sensing and Space Sciences"
H1,PADERU_82_SAMPLES,S2,Vurugonda,18.138,82.563,0-30,5.3,0.27,81,24,142,2017,"Desavathu, Nadipena & Peddada, Egyptian Journal of Remote Sensing and Space Sciences"
H1,PADERU_82_SAMPLES,S3,Vurugonda,18.132,82.548,0-30,5.3,0.18,81,29,160,2017,"Desavathu, Nadipena & Peddada, Egyptian Journal of Remote Sensing and Space Sciences"
H1,PADERU_82_SAMPLES,S4,Donela,18.127,82.545,0-30,5.5,0.55,81,34,149,2017,"Desavathu, Nadipena & Peddada, Egyptian Journal of Remote Sensing and Space Sciences"
H1,PADERU_82_SAMPLES,S5,Gondili,18.095,82.590,0-30,5.9,0.18,107,29,105,2017,"Desavathu, Nadipena & Peddada, Egyptian Journal of Remote Sensing and Space Sciences"
H1,PADERU_82_SAMPLES,S6,Gondili,18.096,82.586,0-30,5.5,0.17,102,24,363,2017,"Desavathu, Nadipena & Peddada, Egyptian Journal of Remote Sensing and Space Sciences"
H1,PADERU_82_SAMPLES,S7,Gondili,18.122,82.542,0-30,5.6,0.21,97,38,69,2017,"Desavathu, Nadipena & Peddada, Egyptian Journal of Remote Sensing and Space Sciences"
H1,PADERU_82_SAMPLES,S8,Thumpada,18.084,82.685,0-30,6.1,0.37,76,144,363,2017,"Desavathu, Nadipena & Peddada, Egyptian Journal of Remote Sensing and Space Sciences"
H1,PADERU_82_SAMPLES,S9,Thumpada,18.088,82.684,0-30,6.0,0.17,76,101,50,2017,"Desavathu, Nadipena & Peddada, Egyptian Journal of Remote Sensing and Space Sciences"
H1,PADERU_82_SAMPLES,S10,Thumpada,18.077,82.690,0-30,5.8,0.20,107,53,51,2017,"Desavathu, Nadipena & Peddada, Egyptian Journal of Remote Sensing and Space Sciences"
H1,PADERU_82_SAMPLES,S11,Thumpada,18.079,82.689,0-30,5.4,0.18,107,19,69,2017,"Desavathu, Nadipena & Peddada, Egyptian Journal of Remote Sensing and Space Sciences"
H1,PADERU_82_SAMPLES,S12,Thumpada,18.078,82.689,0-30,5.7,0.12,97,5,54,2017,"Desavathu, Nadipena & Peddada, Egyptian Journal of Remote Sensing and Space Sciences"
H1,PADERU_82_SAMPLES,S13,Panasapalli,18.104,82.631,0-30,6.0,0.11,162,19,116,2017,"Desavathu, Nadipena & Peddada, Egyptian Journal of Remote Sensing and Space Sciences"
H1,PADERU_82_SAMPLES,S14,Panasapalli,18.104,82.649,0-30,6.0,0.12,162,24,304,2017,"Desavathu, Nadipena & Peddada, Egyptian Journal of Remote Sensing and Space Sciences"
H1,PADERU_82_SAMPLES,S15,Panasapalli,18.106,82.660,0-30,5.7,0.11,284,38,363,2017,"Desavathu, Nadipena & Peddada, Egyptian Journal of Remote Sensing and Space Sciences"
H1,PADERU_82_SAMPLES,S16,Gadivalasa,18.100,82.635,0-30,5.5,0.19,102,43,87,2017,"Desavathu, Nadipena & Peddada, Egyptian Journal of Remote Sensing and Space Sciences"
H1,PADERU_82_SAMPLES,S17,Gadivalasa,18.101,82.630,0-30,5.7,0.19,102,34,142,2017,"Desavathu, Nadipena & Peddada, Egyptian Journal of Remote Sensing and Space Sciences"
H1,PADERU_82_SAMPLES,S18,Dokuluru,18.089,82.622,0-30,5.1,0.19,97,19,369,2017,"Desavathu, Nadipena & Peddada, Egyptian Journal of Remote Sensing and Space Sciences"
H1,PADERU_82_SAMPLES,S19,Dokuluru,18.093,82.619,0-30,5.9,0.12,86,24,76,2017,"Desavathu, Nadipena & Peddada, Egyptian Journal of Remote Sensing and Space Sciences"
H1,PADERU_82_SAMPLES,S20,Barisingi,18.084,82.640,0-30,6.5,0.09,71,29,22,2017,"Desavathu, Nadipena & Peddada, Egyptian Journal of Remote Sensing and Space Sciences"
H1,PADERU_82_SAMPLES,S21,Barisingi,18.083,82.646,0-30,6.7,0.08,71,10,33,2017,"Desavathu, Nadipena & Peddada, Egyptian Journal of Remote Sensing and Space Sciences"
H1,PADERU_82_SAMPLES,S22,Chinthalaveedhi,18.105,82.664,0-30,5.4,0.22,117,38,149,2017,"Desavathu, Nadipena & Peddada, Egyptian Journal of Remote Sensing and Space Sciences"
H1,PADERU_82_SAMPLES,S23,Chinthalaveedhi,18.114,82.671,0-30,6.1,0.14,127,29,105,2017,"Desavathu, Nadipena & Peddada, Egyptian Journal of Remote Sensing and Space Sciences"
H1,PADERU_82_SAMPLES,S24,Ubbediputtu,18.112,82.674,0-30,5.7,0.17,107,34,102,2017,"Desavathu, Nadipena & Peddada, Egyptian Journal of Remote Sensing and Space Sciences"
H1,PADERU_82_SAMPLES,S25,Ubbediputtu,18.108,82.674,0-30,5.8,0.24,97,48,363,2017,"Desavathu, Nadipena & Peddada, Egyptian Journal of Remote Sensing and Space Sciences"
H1,PADERU_82_SAMPLES,S26,Gonduvuru,18.063,82.634,0-30,6.1,0.10,106,144,83,2017,"Desavathu, Nadipena & Peddada, Egyptian Journal of Remote Sensing and Space Sciences"
H1,PADERU_82_SAMPLES,S27,Gonduvuru,18.064,82.636,0-30,6.6,0.13,106,29,330,2017,"Desavathu, Nadipena & Peddada, Egyptian Journal of Remote Sensing and Space Sciences"
H1,PADERU_82_SAMPLES,S28,Seribayalu,18.079,82.682,0-30,5.7,0.08,213,101,32,2017,"Desavathu, Nadipena & Peddada, Egyptian Journal of Remote Sensing and Space Sciences"
H1,PADERU_82_SAMPLES,S29,Seribayalu,18.076,82.684,0-30,5.6,0.08,213,33,43,2017,"Desavathu, Nadipena & Peddada, Egyptian Journal of Remote Sensing and Space Sciences"
H1,PADERU_82_SAMPLES,S30,Seribayalu,18.082,82.682,0-30,5.3,0.08,213,76,76,2017,"Desavathu, Nadipena & Peddada, Egyptian Journal of Remote Sensing and Space Sciences"
H1,PADERU_82_SAMPLES,S31,Seribayalu,18.079,82.680,0-30,5.9,0.14,162,29,101,2017,"Desavathu, Nadipena & Peddada, Egyptian Journal of Remote Sensing and Space Sciences"
H1,PADERU_82_SAMPLES,S32,Devapuram,17.955,82.814,0-30,6.6,0.20,86,240,163,2017,"Desavathu, Nadipena & Peddada, Egyptian Journal of Remote Sensing and Space Sciences"
H1,PADERU_82_SAMPLES,S33,Devapuram,17.964,82.785,0-30,6.9,0.19,86,125,105,2017,"Desavathu, Nadipena & Peddada, Egyptian Journal of Remote Sensing and Space Sciences"
H1,PADERU_82_SAMPLES,S34,Devapuram,17.960,82.790,0-30,6.8,0.27,157,48,36,2017,"Desavathu, Nadipena & Peddada, Egyptian Journal of Remote Sensing and Space Sciences"
H1,PADERU_82_SAMPLES,S35,Gurramanupanuku,18.062,82.632,0-30,6.2,0.11,66,29,148,2017,"Desavathu, Nadipena & Peddada, Egyptian Journal of Remote Sensing and Space Sciences"
H1,PADERU_82_SAMPLES,S36,Gurramanupanuku,18.062,82.617,0-30,6.0,0.12,76,43,108,2017,"Desavathu, Nadipena & Peddada, Egyptian Journal of Remote Sensing and Space Sciences"
H1,PADERU_82_SAMPLES,S37,Gurragaruvu,18.048,82.743,0-30,5.4,0.24,97,10,171,2017,"Desavathu, Nadipena & Peddada, Egyptian Journal of Remote Sensing and Space Sciences"
H1,PADERU_82_SAMPLES,S38,Gurragaruvu,18.041,82.728,0-30,5.2,0.27,132,19,144,2017,"Desavathu, Nadipena & Peddada, Egyptian Journal of Remote Sensing and Space Sciences"
H1,PADERU_82_SAMPLES,S39,Gurragaruvu,18.040,82.717,0-30,5.2,0.46,132,5,76,2017,"Desavathu, Nadipena & Peddada, Egyptian Journal of Remote Sensing and Space Sciences"
H1,PADERU_82_SAMPLES,S40,Gurragaruvu,18.032,82.721,0-30,5.4,0.28,132,10,54,2017,"Desavathu, Nadipena & Peddada, Egyptian Journal of Remote Sensing and Space Sciences"
H1,PADERU_82_SAMPLES,S41,Vanugupalli,18.030,82.683,0-30,5.3,0.11,122,5,59,2017,"Desavathu, Nadipena & Peddada, Egyptian Journal of Remote Sensing and Space Sciences"
H1,PADERU_82_SAMPLES,S42,Bangarumetta,18.021,82.664,0-30,6.9,0.24,132,10,225,2017,"Desavathu, Nadipena & Peddada, Egyptian Journal of Remote Sensing and Space Sciences"
H1,PADERU_82_SAMPLES,S43,Jeedipagada,18.017,82.655,0-30,5.6,0.04,137,10,54,2017,"Desavathu, Nadipena & Peddada, Egyptian Journal of Remote Sensing and Space Sciences"
H1,PADERU_82_SAMPLES,S44,Jeedipagada,17.961,82.750,0-30,5.5,0.11,137,14,73,2017,"Desavathu, Nadipena & Peddada, Egyptian Journal of Remote Sensing and Space Sciences"
H1,PADERU_82_SAMPLES,S45,Birimisala,18.031,82.677,0-30,5.4,0.10,132,96,54,2017,"Desavathu, Nadipena & Peddada, Egyptian Journal of Remote Sensing and Space Sciences"
H1,PADERU_82_SAMPLES,S46,Birimisala,18.029,82.670,0-30,6.4,0.17,132,24,323,2017,"Desavathu, Nadipena & Peddada, Egyptian Journal of Remote Sensing and Space Sciences"
H1,PADERU_82_SAMPLES,S47,Guttulaputtu,18.129,82.642,0-30,6.9,0.52,97,5,69,2017,"Desavathu, Nadipena & Peddada, Egyptian Journal of Remote Sensing and Space Sciences"
H1,PADERU_82_SAMPLES,S48,Guttulaputtu,18.106,82.646,0-30,4.8,0.87,97,34,363,2017,"Desavathu, Nadipena & Peddada, Egyptian Journal of Remote Sensing and Space Sciences"
H1,PADERU_82_SAMPLES,S49,Guttulaputtu,18.115,82.647,0-30,5.4,0.18,81,10,58,2017,"Desavathu, Nadipena & Peddada, Egyptian Journal of Remote Sensing and Space Sciences"
H1,PADERU_82_SAMPLES,S50,Bantrothuputtu,18.132,82.547,0-30,5.1,0.20,91,48,105,2017,"Desavathu, Nadipena & Peddada, Egyptian Journal of Remote Sensing and Space Sciences"
H1,PADERU_82_SAMPLES,S51,Iradapalli,18.072,82.607,0-30,5.7,0.11,254,10,40,2017,"Desavathu, Nadipena & Peddada, Egyptian Journal of Remote Sensing and Space Sciences"
H1,PADERU_82_SAMPLES,S52,Iradapalli,18.099,82.614,0-30,6.0,0.24,254,5,22,2017,"Desavathu, Nadipena & Peddada, Egyptian Journal of Remote Sensing and Space Sciences"
H1,PADERU_82_SAMPLES,S53,Kavirai,18.128,82.625,0-30,6.3,0.12,152,87,69,2017,"Desavathu, Nadipena & Peddada, Egyptian Journal of Remote Sensing and Space Sciences"
H1,PADERU_82_SAMPLES,S54,Lagisipalli,18.058,82.666,0-30,6.5,0.18,147,19,25,2017,"Desavathu, Nadipena & Peddada, Egyptian Journal of Remote Sensing and Space Sciences"
H1,PADERU_82_SAMPLES,S55,Gabbangi,18.120,82.657,0-30,6.7,0.21,107,48,51,2017,"Desavathu, Nadipena & Peddada, Egyptian Journal of Remote Sensing and Space Sciences"
H1,PADERU_82_SAMPLES,S56,Aluguru,17.995,82.840,0-30,7.5,0.28,137,53,363,2017,"Desavathu, Nadipena & Peddada, Egyptian Journal of Remote Sensing and Space Sciences"
H1,PADERU_82_SAMPLES,S57,Kakaraputtu,18.081,82.668,0-30,6.1,0.07,66,53,58,2017,"Desavathu, Nadipena & Peddada, Egyptian Journal of Remote Sensing and Space Sciences"
H1,PADERU_82_SAMPLES,S58,Kakaraputtu,18.062,82.636,0-30,5.8,0.10,76,24,36,2017,"Desavathu, Nadipena & Peddada, Egyptian Journal of Remote Sensing and Space Sciences"
H1,PADERU_82_SAMPLES,S59,Gonduvuru,18.083,82.577,0-30,6.4,0.11,106,19,163,2017,"Desavathu, Nadipena & Peddada, Egyptian Journal of Remote Sensing and Space Sciences"
H1,PADERU_82_SAMPLES,S60,Malakapalem,17.998,82.735,0-30,5.0,0.16,117,29,261,2017,"Desavathu, Nadipena & Peddada, Egyptian Journal of Remote Sensing and Space Sciences"
H1,PADERU_82_SAMPLES,S61,Malakapalem,17.965,82.734,0-30,5.7,0.18,97,14,363,2017,"Desavathu, Nadipena & Peddada, Egyptian Journal of Remote Sensing and Space Sciences"
H1,PADERU_82_SAMPLES,S62,Iradapalli,18.080,82.608,0-30,6.4,0.24,107,14,224,2017,"Desavathu, Nadipena & Peddada, Egyptian Journal of Remote Sensing and Space Sciences"
H1,PADERU_82_SAMPLES,S63,Jeelugupadu,17.961,82.807,0-30,6.2,0.11,86,33,80,2017,"Desavathu, Nadipena & Peddada, Egyptian Journal of Remote Sensing and Space Sciences"
H1,PADERU_82_SAMPLES,S64,Lolangipadu,18.011,82.790,0-30,6.7,0.46,97,38,363,2017,"Desavathu, Nadipena & Peddada, Egyptian Journal of Remote Sensing and Space Sciences"
H1,PADERU_82_SAMPLES,S65,Dallapalli,18.050,82.743,0-30,6.4,0.10,97,5,44,2017,"Desavathu, Nadipena & Peddada, Egyptian Journal of Remote Sensing and Space Sciences"
H1,PADERU_82_SAMPLES,S66,Buruguchetru,18.060,82.741,0-30,5.7,0.13,91,14,33,2017,"Desavathu, Nadipena & Peddada, Egyptian Journal of Remote Sensing and Space Sciences"
H1,PADERU_82_SAMPLES,S67,Minumuluru,18.043,82.703,0-30,6.4,0.53,107,24,185,2017,"Desavathu, Nadipena & Peddada, Egyptian Journal of Remote Sensing and Space Sciences"
H1,PADERU_82_SAMPLES,S68,Vanthadapalli,18.027,82.704,0-30,6.4,0.55,107,19,91,2017,"Desavathu, Nadipena & Peddada, Egyptian Journal of Remote Sensing and Space Sciences"
H1,PADERU_82_SAMPLES,S69,Boradaputtu,18.124,82.545,0-30,5.0,0.50,81,24,113,2017,"Desavathu, Nadipena & Peddada, Egyptian Journal of Remote Sensing and Space Sciences"
H1,PADERU_82_SAMPLES,S70,Bongajangi,18.112,82.536,0-30,5.6,0.50,81,38,69,2017,"Desavathu, Nadipena & Peddada, Egyptian Journal of Remote Sensing and Space Sciences"
H1,PADERU_82_SAMPLES,S71,Nadimvidi,18.142,82.727,0-30,6.1,0.10,107,19,80,2017,"Desavathu, Nadipena & Peddada, Egyptian Journal of Remote Sensing and Space Sciences"
H1,PADERU_82_SAMPLES,S72,Nadimvidi,18.145,82.730,0-30,6.3,0.10,91,53,58,2017,"Desavathu, Nadipena & Peddada, Egyptian Journal of Remote Sensing and Space Sciences"
H1,PADERU_82_SAMPLES,S73,Mariyavalasa,18.126,82.733,0-30,7.5,0.20,66,48,51,2017,"Desavathu, Nadipena & Peddada, Egyptian Journal of Remote Sensing and Space Sciences"
H1,PADERU_82_SAMPLES,S74,Sirasapali,18.092,82.741,0-30,5.6,0.10,132,96,54,2017,"Desavathu, Nadipena & Peddada, Egyptian Journal of Remote Sensing and Space Sciences"
H1,PADERU_82_SAMPLES,S75,Vantalamamidi,17.977,82.737,0-30,5.8,0.20,76,20,25,2017,"Desavathu, Nadipena & Peddada, Egyptian Journal of Remote Sensing and Space Sciences"
H1,PADERU_82_SAMPLES,S76,Peddapulam,18.041,82.826,0-30,6.4,0.10,106,20,163,2017,"Desavathu, Nadipena & Peddada, Egyptian Journal of Remote Sensing and Space Sciences"
H1,PADERU_82_SAMPLES,S77,Kotnapalle,18.168,82.732,0-30,7.5,0.40,81,34,144,2017,"Desavathu, Nadipena & Peddada, Egyptian Journal of Remote Sensing and Space Sciences"
H1,PADERU_82_SAMPLES,S78,Gondurnmdidi,18.004,82.872,0-30,6.3,0.10,86,33,80,2017,"Desavathu, Nadipena & Peddada, Egyptian Journal of Remote Sensing and Space Sciences"
H1,PADERU_82_SAMPLES,S79,Madugulla,17.906,82.813,0-30,6.4,0.20,97,53,58,2017,"Desavathu, Nadipena & Peddada, Egyptian Journal of Remote Sensing and Space Sciences"
H1,PADERU_82_SAMPLES,S80,Bongajangi,18.112,82.526,0-30,7.5,0.40,81,34,144,2017,"Desavathu, Nadipena & Peddada, Egyptian Journal of Remote Sensing and Space Sciences"
H1,PADERU_82_SAMPLES,S81,Paderu,18.072,82.669,0-30,6.3,0.57,117,19,145,2017,"Desavathu, Nadipena & Peddada, Egyptian Journal of Remote Sensing and Space Sciences"
H1,PADERU_82_SAMPLES,S82,Paderu,18.075,82.675,0-30,6.1,0.54,117,14,189,2017,"Desavathu, Nadipena & Peddada, Egyptian Journal of Remote Sensing and Space Sciences"
