dataset_id,dataset_name,mandal,site_no,latitude,longitude,stage,date_start,date_end,depth_top_cm,depth_bottom_cm,ph,electrical_conductivity_dS_m,nitrogen_kg_ha,phosphorus_kg_ha,potassium_kg_ha,organic_carbon_g_kg,source
H2,VISAKHAPATNAM_KHARIF_RICE_2018,Paderu,1,18.0749,82.668,before,2018-05-07,2018-05-13,0,15,6.3,0.57,196.2,14.6,142.1,4.1,Patra et al. (2020)
H2,VISAKHAPATNAM_KHARIF_RICE_2018,Paderu,1,18.0749,82.668,during,2018-08-11,2018-08-16,0,15,6.3,0.58,188.3,16.3,143.8,4.1,Patra et al. (2020)
H2,VISAKHAPATNAM_KHARIF_RICE_2018,Paderu,1,18.0749,82.668,after,2018-11-06,2018-11-11,0,15,6.2,0.52,169.3,12.1,135.3,4.0,Patra et al. (2020)
H2,VISAKHAPATNAM_KHARIF_RICE_2018,Paderu,2,18.0733,82.6676,before,2018-05-07,2018-05-13,0,15,6.1,0.54,181.4,13.2,189.6,3.8,Patra et al. (2020)
H2,VISAKHAPATNAM_KHARIF_RICE_2018,Paderu,2,18.0733,82.6676,during,2018-08-11,2018-08-16,0,15,6.1,0.57,169.8,14.1,178.9,3.9,Patra et al. (2020)
H2,VISAKHAPATNAM_KHARIF_RICE_2018,Paderu,2,18.0733,82.6676,after,2018-11-06,2018-11-11,0,15,6.1,0.54,160.5,14.8,162.5,3.8,Patra et al. (2020)
H2,VISAKHAPATNAM_KHARIF_RICE_2018,Paderu,3,18.066,82.6683,before,2018-05-07,2018-05-13,0,15,6.6,0.2,208.6,16.0,192.8,4.6,Patra et al. (2020)
H2,VISAKHAPATNAM_KHARIF_RICE_2018,Paderu,3,18.066,82.6683,during,2018-08-11,2018-08-16,0,15,6.4,0.22,202.4,16.9,195.3,4.6,Patra et al. (2020)
H2,VISAKHAPATNAM_KHARIF_RICE_2018,Paderu,3,18.066,82.6683,after,2018-11-06,2018-11-11,0,15,6.3,0.21,190.6,11.9,179.1,4.4,Patra et al. (2020)
H2,VISAKHAPATNAM_KHARIF_RICE_2018,Paderu,4,18.0658,82.6716,before,2018-05-07,2018-05-13,0,15,6.1,0.1,196.4,14.9,169.3,4.2,Patra et al. (2020)
H2,VISAKHAPATNAM_KHARIF_RICE_2018,Paderu,4,18.0658,82.6716,during,2018-08-11,2018-08-16,0,15,6.2,0.1,190.8,14.5,174.1,4.2,Patra et al. (2020)
H2,VISAKHAPATNAM_KHARIF_RICE_2018,Paderu,4,18.0658,82.6716,after,2018-11-06,2018-11-11,0,15,6.2,0.1,178.4,12.3,151.2,4.0,Patra et al. (2020)
H2,VISAKHAPATNAM_KHARIF_RICE_2018,Paderu,5,18.0659,82.6669,before,2018-05-07,2018-05-13,0,15,6.0,0.12,181.3,12.3,162.4,4.1,Patra et al. (2020)
H2,VISAKHAPATNAM_KHARIF_RICE_2018,Paderu,5,18.0659,82.6669,during,2018-08-11,2018-08-16,0,15,6.0,0.13,175.3,12.9,167,4.1,Patra et al. (2020)
H2,VISAKHAPATNAM_KHARIF_RICE_2018,Paderu,5,18.0659,82.6669,after,2018-11-06,2018-11-11,0,15,6.1,0.13,161.1,10.7,152.4,3.8,Patra et al. (2020)
H2,VISAKHAPATNAM_KHARIF_RICE_2018,Narsipatnam,1,17.6691,82.6055,before,2018-05-07,2018-05-13,0,15,6.8,0.2,145,18.1,151.5,2.8,Patra et al. (2020)
H2,VISAKHAPATNAM_KHARIF_RICE_2018,Narsipatnam,1,17.6691,82.6055,during,2018-08-11,2018-08-16,0,15,6.8,0.2,151.3,20.3,161.8,2.8,Patra et al. (2020)
H2,VISAKHAPATNAM_KHARIF_RICE_2018,Narsipatnam,1,17.6691,82.6055,after,2018-11-06,2018-11-11,0,15,6.8,0.19,143.1,18.3,147.2,2.6,Patra et al. (2020)
H2,VISAKHAPATNAM_KHARIF_RICE_2018,Narsipatnam,2,17.6581,82.6187,before,2018-05-07,2018-05-13,0,15,6.8,0.23,169.8,18.5,173.8,3.2,Patra et al. (2020)
H2,VISAKHAPATNAM_KHARIF_RICE_2018,Narsipatnam,2,17.6581,82.6187,during,2018-08-11,2018-08-16,0,15,6.8,0.23,172.1,16.2,178.3,3.2,Patra et al. (2020)
H2,VISAKHAPATNAM_KHARIF_RICE_2018,Narsipatnam,2,17.6581,82.6187,after,2018-11-06,2018-11-11,0,15,6.8,0.23,160.5,16,164.9,3.2,Patra et al. (2020)
H2,VISAKHAPATNAM_KHARIF_RICE_2018,Narsipatnam,3,17.6561,82.6162,before,2018-05-07,2018-05-13,0,15,6.2,0.26,203.1,21.3,195.1,2.9,Patra et al. (2020)
H2,VISAKHAPATNAM_KHARIF_RICE_2018,Narsipatnam,3,17.6561,82.6162,during,2018-08-11,2018-08-16,0,15,6.2,0.24,208.7,18.3,203.5,2.9,Patra et al. (2020)
H2,VISAKHAPATNAM_KHARIF_RICE_2018,Narsipatnam,3,17.6561,82.6162,after,2018-11-06,2018-11-11,0,15,6.2,0.24,192.8,16.9,181.7,2.8,Patra et al. (2020)
H2,VISAKHAPATNAM_KHARIF_RICE_2018,Narsipatnam,4,17.6592,82.6094,before,2018-05-07,2018-05-13,0,15,7.1,0.32,224.7,17.9,208.6,3.4,Patra et al. (2020)
H2,VISAKHAPATNAM_KHARIF_RICE_2018,Narsipatnam,4,17.6592,82.6094,during,2018-08-11,2018-08-16,0,15,7.1,0.31,218.5,21.3,216.9,3.2,Patra et al. (2020)
H2,VISAKHAPATNAM_KHARIF_RICE_2018,Narsipatnam,4,17.6592,82.6094,after,2018-11-06,2018-11-11,0,15,7.1,0.31,208.2,18.4,201,3.1,Patra et al. (2020)
H2,VISAKHAPATNAM_KHARIF_RICE_2018,Narsipatnam,5,17.661,82.6097,before,2018-05-07,2018-05-13,0,15,7.5,0.31,208.2,22.1,212.4,3.2,Patra et al. (2020)
H2,VISAKHAPATNAM_KHARIF_RICE_2018,Narsipatnam,5,17.661,82.6097,during,2018-08-11,2018-08-16,0,15,7.5,0.31,209.7,20.9,216.3,3.2,Patra et al. (2020)
H2,VISAKHAPATNAM_KHARIF_RICE_2018,Narsipatnam,5,17.661,82.6097,after,2018-11-06,2018-11-11,0,15,7.4,0.31,201.3,16.1,200.2,3.1,Patra et al. (2020)
H2,VISAKHAPATNAM_KHARIF_RICE_2018,Anakapalle,1,17.6714,83.0082,before,2018-05-07,2018-05-13,0,15,7.2,0.26,190.2,29.6,296.1,2.72,Patra et al. (2020)
H2,VISAKHAPATNAM_KHARIF_RICE_2018,Anakapalle,1,17.6714,83.0082,during,2018-08-11,2018-08-16,0,15,7.2,0.26,192.5,32.4,304.4,2.68,Patra et al. (2020)
H2,VISAKHAPATNAM_KHARIF_RICE_2018,Anakapalle,1,17.6714,83.0082,after,2018-11-06,2018-11-11,0,15,7.2,0.26,188.4,28.9,293.5,2.65,Patra et al. (2020)
H2,VISAKHAPATNAM_KHARIF_RICE_2018,Anakapalle,2,17.6994,83.005,before,2018-05-07,2018-05-13,0,15,7.54,0.32,192.4,34.1,348.8,2.43,Patra et al. (2020)
H2,VISAKHAPATNAM_KHARIF_RICE_2018,Anakapalle,2,17.6994,83.005,during,2018-08-11,2018-08-16,0,15,7.54,0.32,196.8,37.3,360.8,2.39,Patra et al. (2020)
H2,VISAKHAPATNAM_KHARIF_RICE_2018,Anakapalle,2,17.6994,83.005,after,2018-11-06,2018-11-11,0,15,7.54,0.31,191.5,31.6,351.8,2.36,Patra et al. (2020)
H2,VISAKHAPATNAM_KHARIF_RICE_2018,Anakapalle,3,17.4646,83.0048,before,2018-05-07,2018-05-13,0,15,6.9,0.29,181.2,26.9,258.9,2.11,Patra et al. (2020)
H2,VISAKHAPATNAM_KHARIF_RICE_2018,Anakapalle,3,17.4646,83.0048,during,2018-08-11,2018-08-16,0,15,6.9,0.29,190.6,28.5,262.9,2.06,Patra et al. (2020)
H2,VISAKHAPATNAM_KHARIF_RICE_2018,Anakapalle,3,17.4646,83.0048,after,2018-11-06,2018-11-11,0,15,6.9,0.27,187.5,24.2,254.1,2.02,Patra et al. (2020)
H2,VISAKHAPATNAM_KHARIF_RICE_2018,Anakapalle,4,17.6276,82.9695,before,2018-05-07,2018-05-13,0,15,6.59,0.33,181.5,20.5,243.4,2.19,Patra et al. (2020)
H2,VISAKHAPATNAM_KHARIF_RICE_2018,Anakapalle,4,17.6276,82.9695,during,2018-08-11,2018-08-16,0,15,6.59,0.33,185.2,22.4,248.2,2.19,Patra et al. (2020)
H2,VISAKHAPATNAM_KHARIF_RICE_2018,Anakapalle,4,17.6276,82.9695,after,2018-11-06,2018-11-11,0,15,6.59,0.31,180.1,20.5,243.9,2.14,Patra et al. (2020)
H2,VISAKHAPATNAM_KHARIF_RICE_2018,Anakapalle,5,17.6235,82.9693,before,2018-05-07,2018-05-13,0,15,7.83,0.33,192.7,28.1,294.3,2.37,Patra et al. (2020)
H2,VISAKHAPATNAM_KHARIF_RICE_2018,Anakapalle,5,17.6235,82.9693,during,2018-08-11,2018-08-16,0,15,7.83,0.33,196.4,28.4,304.5,2.37,Patra et al. (2020)
H2,VISAKHAPATNAM_KHARIF_RICE_2018,Anakapalle,5,17.6235,82.9693,after,2018-11-06,2018-11-11,0,15,7.83,0.32,191.3,26.1,294.7,2.3,Patra et al. (2020)
H2,VISAKHAPATNAM_KHARIF_RICE_2018,Nathavaram,1,17.562,82.4887,before,2018-05-07,2018-05-13,0,15,6.8,0.24,214.2,22.2,198.5,2.16,Patra et al. (2020)
H2,VISAKHAPATNAM_KHARIF_RICE_2018,Nathavaram,1,17.562,82.4887,during,2018-08-11,2018-08-16,0,15,6.79,0.23,210.6,22.7,196.9,2.16,Patra et al. (2020)
H2,VISAKHAPATNAM_KHARIF_RICE_2018,Nathavaram,1,17.562,82.4887,after,2018-11-06,2018-11-11,0,15,6.76,0.22,202.3,20.8,192.1,2.14,Patra et al. (2020)
H2,VISAKHAPATNAM_KHARIF_RICE_2018,Nathavaram,2,17.5646,82.491,before,2018-05-07,2018-05-13,0,15,6.3,0.29,216.0,27.3,224.6,2.06,Patra et al. (2020)
H2,VISAKHAPATNAM_KHARIF_RICE_2018,Nathavaram,2,17.5646,82.491,during,2018-08-11,2018-08-16,0,15,6.25,0.28,212.8,27.9,226.4,2.05,Patra et al. (2020)
H2,VISAKHAPATNAM_KHARIF_RICE_2018,Nathavaram,2,17.5646,82.491,after,2018-11-06,2018-11-11,0,15,6.24,0.27,208.2,25.3,221.5,2.01,Patra et al. (2020)
H2,VISAKHAPATNAM_KHARIF_RICE_2018,Nathavaram,3,17.56906,82.4847,before,2018-05-07,2018-05-13,0,15,6.9,0.36,215.1,28.9,268.3,2.27,Patra et al. (2020)
H2,VISAKHAPATNAM_KHARIF_RICE_2018,Nathavaram,3,17.56906,82.4847,during,2018-08-11,2018-08-16,0,15,6.9,0.35,206.9,29.5,269.4,2.25,Patra et al. (2020)
H2,VISAKHAPATNAM_KHARIF_RICE_2018,Nathavaram,3,17.56906,82.4847,after,2018-11-06,2018-11-11,0,15,6.86,0.32,200.8,26.9,252.7,2.19,Patra et al. (2020)
H2,VISAKHAPATNAM_KHARIF_RICE_2018,Nathavaram,4,17.569033,82.4825,before,2018-05-07,2018-05-13,0,15,7.2,0.26,228.3,41.5,316.8,2.39,Patra et al. (2020)
H2,VISAKHAPATNAM_KHARIF_RICE_2018,Nathavaram,4,17.569033,82.4825,during,2018-08-11,2018-08-16,0,15,7.17,0.24,226.2,42.3,319.2,2.38,Patra et al. (2020)
H2,VISAKHAPATNAM_KHARIF_RICE_2018,Nathavaram,4,17.569033,82.4825,after,2018-11-06,2018-11-11,0,15,7.14,0.23,220.9,37.3,309.2,2.32,Patra et al. (2020)
H2,VISAKHAPATNAM_KHARIF_RICE_2018,Nathavaram,5,17.5634,82.4792,before,2018-05-07,2018-05-13,0,15,7.1,0.23,223.8,37.6,304.2,2.34,Patra et al. (2020)
H2,VISAKHAPATNAM_KHARIF_RICE_2018,Nathavaram,5,17.5634,82.4792,during,2018-08-11,2018-08-16,0,15,7.06,0.2,219.4,39.8,302,2.33,Patra et al. (2020)
H2,VISAKHAPATNAM_KHARIF_RICE_2018,Nathavaram,5,17.5634,82.4792,after,2018-11-06,2018-11-11,0,15,7.05,0.19,212.1,39.1,294.2,2.3,Patra et al. (2020)
